Model,Avg_CS_Retain,Avg_ES_Retain
RULE_NPO,0.7398061471856716,0.22972222222222222
Minmax,0.22603088457195553,0.21416666666666667
NPO,0.7617105307305853,0.23222222222222222
GradDiff,0.7058487735812863,0.35
Original,0.7051340171508491,0.3088888888888889
Retrain,0.7084077878027326,0.3075
